id,finding_code,source,title,description,severity,status,location_name,latitude,longitude,asset_id,airport_stand_code,assigned_to_employee_id,assigned_team,target_completion_date,created_by_employee_id,created_at,updated_at
f-101,F-101,INTERNAL_INSPECTION,Parking Bay Guidance Light Defect,Critical guidance light failure at Parking Bay 1L requires immediate replacement.,CRITICAL,IN_PROGRESS,Parking Bay 1L,33.60118,130.44456,asset-1,1L,PEN12345,AGL Maintenance,2026-09-27,PEN23456,2026-09-15T08:42:00Z,2026-09-25T15:15:00Z
f-102,F-102,INTERNAL_INSPECTION,Parking Bay Surface Marking Faded,Faded surface marking at Parking Bay 2 needs repainting during the next maintenance window.,HIGH,ASSIGNED,Parking Bay 2,33.60058,130.44513,asset-6,2,PEN12345,Pavement Team,2026-09-29,PEN23456,2026-09-14T09:05:00Z,2026-09-25T13:50:00Z
f-103,F-103,INTERNAL_INSPECTION,Taxiway Pavement Pothole,Pavement damage detected on Taxiway A requiring maintenance attention.,CRITICAL,ASSIGNED,Taxiway A,33.599367,130.443789,,,,Pavement Team,,PEN23456,2026-09-18T10:15:00Z,2026-09-25T10:37:00Z
f-104,F-104,INTERNAL_INSPECTION,Apron Light Failure,Floodlight near apron stand is not delivering full illumination.,MEDIUM,FINDING,Apron South,5.30074,100.27974,asset-7,,,,,PEN23456,2026-09-16T14:12:00Z,2026-09-25T11:00:00Z
f-105,F-105,INTERNAL_INSPECTION,Runway Sign Damage,Runway signage at holding bay requires replacement.,MEDIUM,WORK_ORDER,Holding Bay,5.29712,100.27285,asset-9,,PEN12345,Signage Team,2026-09-30,PEN23456,2026-09-11T07:18:00Z,2026-09-25T12:25:00Z
f-106,F-106,INTERNAL_INSPECTION,Perimeter Fence Crack,Fence segment along northern boundary has a damaged section.,LOW,ASSIGNED,Northern Boundary,5.30254,100.27262,asset-8,,,Security Works,,PEN23456,2026-09-12T15:40:00Z,2026-09-25T08:04:00Z
f-107,F-107,INTERNAL_INSPECTION,Apron Surface Crack,Minor apron surface defect requires further inspection.,LOW,CLOSED,Apron East,5.30132,100.28191,asset-10,,,Pavement Team,,PEN23456,2026-09-08T09:30:00Z,2026-09-20T17:30:00Z
f-108,F-108,REGULATORY,Runway 22 Threshold Marking,Threshold paint visibility needs review.,MEDIUM,IN_PROGRESS,Runway 22,5.29577,100.27595,,,PEN12345,Marking Team,2026-09-28,PEN34567,2026-09-20T11:08:00Z,2026-09-25T09:16:00Z
f-109,F-109,INTERNAL_INSPECTION,Taxiway Sign Misalignment,Taxiway sign panel is leaning and needs alignment repair.,HIGH,FINDING,Taxiway A,5.29916,100.27703,asset-6,,,,,PEN23456,2026-09-19T17:25:00Z,2026-09-25T07:30:00Z
f-110,F-110,INTERNAL_INSPECTION,Apron Drainage Check,Water drainage issue near Apron South needs follow-up.,HIGH,WORK_ORDER,Apron South,5.30072,100.2798,,,PEN12345,Civil Works,2026-09-26,PEN23456,2026-09-17T13:12:00Z,2026-09-25T14:55:00Z
